ch1,ch2,ch3,ch4,ch5,ch6,ch7
1.313653744894712538e+00,1.205435538939897855e+00,1.206080461273248305e+00,1.201247716098751583e+00,1.205291891728865084e+00,1.205615544988577925e+00,1.205001617074205500e+00
1.275080594430040737e+00,1.203666472872075177e+00,1.204533124510422271e+00,1.201536202613854742e+00,1.206094766389699702e+00,1.206164503832400259e+00,1.205399776148769364e+00
1.313890971409198194e+00,1.205473089870582770e+00,1.205283547077601769e+00,1.201609516335668149e+00,1.205014730097619280e+00,1.205346131962076628e+00,1.205386663125355584e+00
1.276571902820098803e+00,1.206293249880462826e+00,1.206366563602276232e+00,1.195798658823807203e+00,1.204692268930944055e+00,1.205099368703290041e+00,1.205588722895231557e+00
1.312321580925176256e+00,1.205359244985490408e+00,1.205725813594557438e+00,1.194133900896775735e+00,1.205539251034170478e+00,1.205505872429117220e+00,1.205759788246129505e+00
1.281173977991816759e+00,1.204587364743633815e+00,1.204505110324038286e+00,1.196240925340762873e+00,1.205905223596718701e+00,1.205877805456853524e+00,1.205498719870891522e+00
1.308886564837284716e+00,1.205115461959297862e+00,1.205364013357640873e+00,1.195408248353987846e+00,1.198718094672929668e+00,1.205682898245203249e+00,1.205260301263368250e+00
1.282577071497091215e+00,1.206090594064068044e+00,1.206299210345650907e+00,1.196074628362015391e+00,1.204924727073279245e+00,1.204646969395514633e+00,1.202550077742347456e+00
1.307563937612049365e+00,1.205209041262750747e+00,1.205568457313592079e+00,1.206071520575466183e+00,1.197801971173521496e+00,1.205580974290487051e+00,1.206038141970412925e+00
1.283206496620952652e+00,1.204441333346525811e+00,1.204654718000259139e+00,1.205577994057893010e+00,1.205809856153709392e+00,1.206196690344415900e+00,1.205367589636753722e+00
1.306653774577829275e+00,1.205539251034170478e+00,1.205446863823755210e+00,1.200207614923431310e+00,1.205853367549582389e+00,1.205669785221789470e+00,1.205027247074514252e+00
1.283742342441361206e+00,1.206365371509238615e+00,1.206058407552052403e+00,1.198449873739465987e+00,1.204877043351774590e+00,1.205046916609634922e+00,1.205437327079454279e+00
1.305484331307927626e+00,1.206059599645090019e+00,1.205421829869965267e+00,1.205737734524933602e+00,1.204965258236558201e+00,1.205711508478106042e+00,1.206193710111821860e+00
1.285335574786135471e+00,1.204347754043072927e+00,1.203653955895180205e+00,1.204916978468534738e+00,1.206206823135235640e+00,1.206141854064685548e+00,1.199438714914168758e+00
1.303353465003188161e+00,1.205356264752896367e+00,1.205325866380437150e+00,1.204736972419854668e+00,1.205535078708538821e+00,1.198221587922762454e+00,1.205059433586529893e+00
1.287197624110892225e+00,1.206540609185768220e+00,1.205513024987342918e+00,1.204365039392118364e+00,1.204942012422324682e+00,1.205048704749191346e+00,1.205689454756910139e+00
1.300041234498171105e+00,1.204727435675553737e+00,1.205427194288634540e+00,1.205949927085629314e+00,1.205504680336079604e+00,1.205715680803737699e+00,1.205350900334227093e+00
1.288758669943650848e+00,1.204269671949109055e+00,1.204308414972831587e+00,1.205419445683890034e+00,1.204893136607782411e+00,1.205607796383833419e+00,1.205380106613648694e+00
1.298073088893066496e+00,1.205395603823137707e+00,1.205801511502446077e+00,1.204936051957136600e+00,1.202953601235580594e+00,1.204858565909691537e+00,1.205010557771987623e+00
1.251497417866875850e+00,1.206585908721197642e+00,1.205310965217466945e+00,1.205536866848095245e+00,1.202839160303969424e+00,1.205535078708538821e+00,1.205659652430969730e+00
1.297054445392423316e+00,1.205462361033244223e+00,1.204540277068647969e+00,1.204512858928782792e+00,1.203147316354193253e+00,1.205834294060980527e+00,1.205912972201463207e+00
1.291743074863323626e+00,1.203574681708178717e+00,1.205123806610561177e+00,1.205280566845007728e+00,1.202755713791336278e+00,1.197294139539496927e+00,1.205361033125046832e+00
1.295864140494363381e+00,1.205552960104103066e+00,1.205719257082850548e+00,1.205366993590234914e+00,1.202772403093862907e+00,1.205371165915866571e+00,1.205062413819123934e+00
1.292434488825141115e+00,1.205986881969795421e+00,1.205353284520302326e+00,1.205758596153091888e+00,1.202699089372049501e+00,1.203929329386869584e+00,1.205052281028304195e+00
1.292789732550350790e+00,1.205357456845933983e+00,1.205083871493801029e+00,1.193586134145991018e+00,1.203134203330779473e+00,1.208381796882366688e+00,1.205970192667268792e+00
1.295586978863117578e+00,1.204322720089282983e+00,1.205438519172491896e+00,1.204428816369630839e+00,1.202955389375137019e+00,1.208071852692586434e+00,1.205713892664181275e+00
1.289429818323829080e+00,1.205413485218701952e+00,1.205814028479341049e+00,1.205514813126899343e+00,1.202752137512223429e+00,1.207812572456904876e+00,1.204468751486390987e+00
1.299111997975349153e+00,1.206023240807442720e+00,1.204914594282459506e+00,1.205807471967634159e+00,1.203094268214019325e+00,1.200121784224722932e+00,1.205508256615192453e+00
1.285994206189418509e+00,1.205353284520302326e+00,1.203557992405652088e+00,1.203981185434005896e+00,1.203037047748213739e+00,1.208545709675038937e+00,1.206069732435909758e+00
1.301763212891007937e+00,1.204925919166316861e+00,1.205448651963311635e+00,1.204970026608708666e+00,1.203103208911801447e+00,1.208305502927959241e+00,1.205932641736583877e+00
1.280656013566972451e+00,1.205460572893687798e+00,1.205926085224876987e+00,1.205477858242733236e+00,1.202700281465087118e+00,1.200069332131067812e+00,1.204742932885042750e+00
1.307231343654554401e+00,1.204664850791078878e+00,1.205282951031082961e+00,1.205946350806516465e+00,1.193543814843155637e+00,1.208028341296713437e+00,1.205451632195905676e+00
1.279403719830956465e+00,1.205129767075749259e+00,1.204909229863790232e+00,1.205312157310504562e+00,1.203097248446613365e+00,1.208683992467402435e+00,1.206184173367520929e+00
1.309983290431891767e+00,1.205350900334227093e+00,1.205555940336697107e+00,1.205012345911544047e+00,1.202930951467865883e+00,1.208281065020688105e+00,1.205627465918954089e+00
1.277471337016980346e+00,1.205769324990430436e+00,1.206009531737510132e+00,1.205295468007977933e+00,1.203138971702929938e+00,1.206751609653426316e+00,1.204902077305564534e+00
1.310945905559766977e+00,1.205428386381672157e+00,1.205384278939280351e+00,1.205928469410952220e+00,1.196207546735709615e+00,1.208368683858952908e+00,1.205541635220245711e+00
1.276523027005556532e+00,1.205018902423250937e+00,1.204415107299698251e+00,1.205297852194053165e+00,1.203409576822468852e+00,1.207593823384502274e+00,1.206141258018166740e+00
1.312016405107546468e+00,1.205409312893070295e+00,1.205356264752896367e+00,1.204801941490404760e+00,1.205294275914940316e+00,1.206337953369373439e+00,1.205771113129986860e+00
1.276421103050840333e+00,1.204951549166625613e+00,1.205701971733805111e+00,1.205454016381980908e+00,1.204998040795092651e+00,1.207735086409459813e+00,1.204906249631196191e+00
1.313253201634073442e+00,1.205181027076366762e+00,1.205279970798488920e+00,1.205962444062524286e+00,1.205424810102559308e+00,1.208385373161479537e+00,1.205649519640149991e+00
1.276461038167600481e+00,1.204450274044307934e+00,1.204964066143520585e+00,1.205397391962694131e+00,1.205811644293265816e+00,1.208876515492977477e+00,1.206262255461484800e+00
1.314153231877473793e+00,1.205483818707921317e+00,1.205497527777853906e+00,1.204899693119489301e+00,1.205423021963002883e+00,1.207396531986776766e+00,1.205613756849021501e+00
1.276047977930066413e+00,1.205853963596101197e+00,1.206021452667886296e+00,1.205504680336079604e+00,1.205259109170330634e+00,1.207830453852469121e+00,1.204975391027377940e+00
1.314113892807232453e+00,1.205297256147534357e+00,1.203723693337880762e+00,1.205965424295118327e+00,1.205501104056966755e+00,1.198953533047858899e+00,1.205607200337314611e+00
1.276117119326248162e+00,1.204969430562189858e+00,1.204723859396440888e+00,1.205328250566512382e+00,1.196992540000979988e+00,1.208865190609120122e+00,1.206438089184533213e+00
1.314145483272729287e+00,1.205623293593322432e+00,1.205256724984255401e+00,1.204881811723925056e+00,1.195733689753257112e+00,1.200554513997377670e+00,1.205625677779397664e+00
1.276775154683012392e+00,1.205362225218084449e+00,1.204852009397984647e+00,1.205552364057584258e+00,1.185816667773326394e+00,1.207791710828746590e+00,1.204723859396440888e+00
1.314363636298613081e+00,1.200548553532189588e+00,1.205637598709773828e+00,1.205908799875831550e+00,1.203998470783051333e+00,1.207749987572430017e+00,1.205588722895231557e+00
1.277430805853701390e+00,1.204773331257501967e+00,1.204904461491639767e+00,1.189605735493389993e+00,1.205633426384142171e+00,1.208811546422427385e+00,1.206479216394330978e+00
1.313914813269950521e+00,1.205591703127825598e+00,1.205440903358567128e+00,1.205108309401072164e+00,1.204985523818197679e+00,1.205881977782485182e+00,1.205541039173726903e+00
1.278428587726186283e+00,1.206195498251378284e+00,1.205942178480884808e+00,1.205512428940824110e+00,1.204984331725160063e+00,1.207769061061031879e+00,1.204737568466373476e+00
1.313249029308441784e+00,1.205374146148460612e+00,1.205473089870582770e+00,1.196697496974169939e+00,1.205544615452839752e+00,1.207947875016674333e+00,1.205690050803428948e+00
1.278989467500384780e+00,1.202861214025165326e+00,1.204602861953122828e+00,1.192314170874854362e+00,1.206070924528947375e+00,1.208474780139300764e+00,1.206221724298205844e+00
1.311363734169451511e+00,1.204628491953431579e+00,1.200334572831937452e+00,1.195953034872178522e+00,1.205624485686360048e+00,1.208279276881131681e+00,1.205539251034170478e+00
1.279946122163071909e+00,1.205796743130295612e+00,1.206340933601967480e+00,1.196081780920241089e+00,1.204933667771061367e+00,1.208290601764989036e+00,1.203225398448157124e+00
1.310710467184837746e+00,1.205405736613957446e+00,1.205768728943911627e+00,1.196729087439666772e+00,1.205584550569599900e+00,1.208394313859261660e+00,1.205585742662637516e+00
1.281301531946841710e+00,1.204798961257810719e+00,1.204593325208821897e+00,1.196414374877736053e+00,1.206005955458397283e+00,1.208241129903927957e+00,1.206243778019401747e+00
1.309192336701433312e+00,1.205342555682963779e+00,1.205374742194979421e+00,1.192717694368087500e+00,1.205615544988577925e+00,1.208318615951373021e+00,1.205684686384759674e+00
1.282291565214582096e+00,1.206129933134309384e+00,1.204569483348069570e+00,1.196692132555500665e+00,1.205033207539702333e+00,1.208325768509598719e+00,1.204565907068956720e+00
1.306021369221373796e+00,1.205184007308960803e+00,1.205476070103176811e+00,1.191043995743274131e+00,1.205547595685433793e+00,1.208554054326302252e+00,1.205513621033861726e+00
1.284061227328923582e+00,1.204538488929091544e+00,1.204445505672157468e+00,1.196112179292700306e+00,1.206143046157723164e+00,1.208056951529616230e+00,1.206015492202698214e+00
1.304192698501670078e+00,1.204756045908456530e+00,1.205322290101324301e+00,1.193411492515980221e+00,1.205496931731335097e+00,1.198941016070963927e+00,1.205528522196831931e+00
1.286024604561877727e+00,1.206292057787425209e+00,1.206287289415274744e+00,1.205262089402924675e+00,1.204913402189421889e+00,1.200044298177277868e+00,1.204576039859776460e+00
1.302526748481601215e+00,1.205865288479958553e+00,1.205458188707612566e+00,1.205488587080071783e+00,1.205077314982094139e+00,1.208750749677508951e+00,1.205628061965472897e+00
1.287825261095197238e+00,1.204641008930326551e+00,1.204744721024599174e+00,1.205352688473783518e+00,1.205969000574231176e+00,1.208272720369424791e+00,1.205691242896466564e+00
1.300445354037923051e+00,1.204829955676788744e+00,1.205302620566203631e+00,1.205467725451913497e+00,1.205355668706377559e+00,1.207958007807494072e+00,1.205443287544642361e+00
1.250762492509185364e+00,1.206420207788968968e+00,1.205883169875522798e+00,1.205715680803737699e+00,1.205067182191274400e+00,1.208446169906397971e+00,1.205552960104103066e+00
1.298194086336384556e+00,1.206195498251378284e+00,1.205331230799106423e+00,1.205379510567129886e+00,1.205456996614574949e+00,1.208714390839861652e+00,1.205897474991974194e+00
1.291114841832499804e+00,1.203599119615449853e+00,1.202156687039934058e+00,1.205232883123503074e+00,1.205514813126899343e+00,1.207733298269903388e+00,1.205508256615192453e+00
1.295553004211545511e+00,1.205690646849947756e+00,1.205554152197140683e+00,1.205455208475018525e+00,1.205349708241189477e+00,1.208017612459374890e+00,1.204806709862555225e+00
1.292883311853803674e+00,1.198558354205889076e+00,1.205538058941132862e+00,1.205880785689447565e+00,1.205390835450987241e+00,1.208343649905162964e+00,1.205530310336388355e+00
1.292914902319300507e+00,1.205787802432513489e+00,1.205182815215923187e+00,1.205617333128134350e+00,1.205379510567129886e+00,1.208709026421192378e+00,1.205849791270469540e+00
1.295441543512528382e+00,1.202954793328618210e+00,1.205235267309578306e+00,1.205145860331757079e+00,1.205491567312665824e+00,1.208287621532394995e+00,1.205569053360110887e+00
1.291108285320792914e+00,1.205420041730408842e+00,1.204762006373644612e+00,1.205498123824372714e+00,1.205344343822520203e+00,1.208023572924562972e+00,1.205321694054805493e+00
1.297516381444499656e+00,1.206233645228582008e+00,1.205448055916792827e+00,1.205597067546494872e+00,1.205580974290487051e+00,1.208472395953225531e+00,1.205593491267382023e+00
1.327360430641225664e+00,1.205654884058819265e+00,1.205158377308652051e+00,1.205284739170639385e+00,1.205606008244276994e+00,1.208554650372821060e+00,1.205876017317297100e+00
1.299086964021559210e+00,1.202887440071992886e+00,1.205515409173418151e+00,1.204782868001802898e+00,1.205589914988269173e+00,1.208256031066898162e+00,1.205313945450060986e+00
1.286815558292336181e+00,1.205370569869347763e+00,1.205746675222715725e+00,1.205506468475636028e+00,1.205440903358567128e+00,1.207153941053621837e+00,1.205318713822211452e+00
1.301192796372508509e+00,1.206385041044359285e+00,1.205370569869347763e+00,1.205828333595792445e+00,1.205145860331757079e+00,1.208230401066589410e+00,1.205710912431587234e+00
1.283907447327071072e+00,1.205487991033552975e+00,1.205221558239645718e+00,1.205393219637062474e+00,1.205534482662020013e+00,1.208651209908867985e+00,1.205838466386612184e+00
1.303746259659082751e+00,1.203977609154893047e+00,1.205518985452531000e+00,1.205000424981167884e+00,1.205548191731952601e+00,1.208284045253282146e+00,1.205546403592396176e+00
1.281489882646785095e+00,1.205331826845625232e+00,1.204828763583751128e+00,1.205426598242115732e+00,1.205245400100398045e+00,1.208025361064119396e+00,1.205240035681728772e+00
1.306105411780525749e+00,1.205834294060980527e+00,1.205348516148151861e+00,1.206013704063141789e+00,1.205790782665107530e+00,1.207354212683941386e+00,1.205536866848095245e+00
1.280071887978540435e+00,1.205187583588073652e+00,1.205023074748882594e+00,1.205442691498123553e+00,1.205768728943911627e+00,1.208291793858026653e+00,1.205700779640767495e+00
1.307263530166570042e+00,1.204716706838215190e+00,1.205460572893687798e+00,1.205122614517523560e+00,1.205204868937119089e+00,1.208422328045645644e+00,1.205282951031082961e+00
1.279124770060154237e+00,1.205548191731952601e+00,1.205900455224568235e+00,1.205564284987960422e+00,1.205071354516906057e+00,1.207826877573356272e+00,1.205290103589308659e+00
1.309194720887508545e+00,1.205405736613957446e+00,1.204672003349304577e+00,1.205327654519993574e+00,1.205749059408790957e+00,1.208273316415943599e+00,1.205657268244894498e+00
1.277802142834918886e+00,1.200726175394794426e+00,1.205076718935575331e+00,1.205418849637371226e+00,1.205876613363815908e+00,1.208672071537026271e+00,1.205915952434057248e+00
1.310076869735344651e+00,1.205297852194053165e+00,1.204518819393970874e+00,1.197227382329390410e+00,1.205305004752278863e+00,1.208722139444606158e+00,1.205422425916484075e+00
1.276915225614932314e+00,1.204699421489169753e+00,1.205832505921424103e+00,1.205460572893687798e+00,1.205067778237793208e+00,1.207800055480009904e+00,1.205212021495344787e+00
1.311694539987390051e+00,1.205296660101015549e+00,1.205417061497814801e+00,1.206039930109969349e+00,1.205475474056658003e+00,1.208472395953225531e+00,1.205679321966090400e+00
1.276196393513249649e+00,1.199687862359030577e+00,1.204919362654609971e+00,1.205560112662328764e+00,1.206019068481811063e+00,1.208683396420883627e+00,1.195424937656514475e+00
1.312709011162401573e+00,1.205490971266147016e+00,1.205488587080071783e+00,1.204995060562498610e+00,1.205529714289869547e+00,1.206042314296044582e+00,1.196200990224002725e+00
1.275876316532649657e+00,1.205959463829930245e+00,1.201285267029436499e+00,1.205513024987342918e+00,1.204801345443885952e+00,1.204888964282150754e+00,1.194050454384142590e+00
1.313249029308441784e+00,1.205525541964237890e+00,1.205437327079454279e+00,1.205923701038801754e+00,1.205555344290178299e+00,1.205551171964546642e+00,1.190151714104618286e+00
1.276035460953171441e+00,1.204930091491948518e+00,1.204953933352700846e+00,1.205498123824372714e+00,1.205595279406938447e+00,1.206103707087481824e+00,1.197300696051203817e+00
1.313964285131011600e+00,1.205480838475327277e+00,1.204807305909074033e+00,1.204927111259354477e+00,1.203751707524264747e+00,1.205630446151548130e+00,1.196197413944889876e+00
1.276354345840733817e+00,1.205945158713478849e+00,1.205508256615192453e+00,1.205592895220863214e+00,1.204684520326199548e+00,1.204977179166934365e+00,1.193841838102559727e+00
1.314453639322953116e+00,1.205422425916484075e+00,1.205693031036022989e+00,1.205892110573304921e+00,1.205548191731952601e+00,1.204964066143520585e+00,1.190921806206918454e+00
1.276402029562238472e+00,1.203781509850205156e+00,1.204713726605621149e+00,1.205423618009521691e+00,1.205783630106881832e+00,1.205947542899554081e+00,1.197428250006228767e+00
1.314467944439404512e+00,1.205454016381980908e+00,1.202351594251584332e+00,1.204857969863172729e+00,1.205547595685433793e+00,1.205110693587147397e+00,1.196432852319819107e+00
1.276773366543455968e+00,1.206007147551434899e+00,1.206198478483972325e+00,1.205497527777853906e+00,1.205113077773222630e+00,1.205051684981785387e+00,1.194923066487677765e+00
1.313799776291820542e+00,1.205591703127825598e+00,1.205807471967634159e+00,1.206029797319149610e+00,1.205400968241806980e+00,1.205456400568056141e+00,1.196225428131273860e+00
1.276921782126639204e+00,1.204811478234705691e+00,1.204789424513509788e+00,1.205089831958989111e+00,1.205963636155561902e+00,1.205887938247673263e+00,1.195203804398036418e+00
1.313153065818913667e+00,1.205536270801576437e+00,1.198575043508415705e+00,1.197083139071838831e+00,1.205890918480267304e+00,1.205510640801267686e+00,1.195160293002163421e+00
1.277569088646064888e+00,1.206111455692226331e+00,1.206298614299132099e+00,1.205017710330213321e+00,1.204922342887204012e+00,1.205301428473166014e+00,1.195143603699636792e+00
1.312229789761279797e+00,1.204126024738076284e+00,1.205862904293883320e+00,1.205926085224876987e+00,1.205659056384450922e+00,1.205619121267690774e+00,1.196558618135287633e+00
1.278442296796118871e+00,1.204709554279989492e+00,1.204376364275975719e+00,1.205613756849021501e+00,1.206003571272322050e+00,1.205567265220554463e+00,1.195816540219371449e+00
1.311410225797918550e+00,1.205445671730717594e+00,1.205485010800958934e+00,1.197199368143006426e+00,1.205659056384450922e+00,1.205325866380437150e+00,1.195379638121085053e+00
1.280115399374413432e+00,1.206073904761541415e+00,1.206236029414657240e+00,1.205210233355788363e+00,1.204900289166008109e+00,1.205458188707612566e+00,1.194083236942677040e+00
1.309975541827147261e+00,1.205301428473166014e+00,1.205561900801885189e+00,1.196370863481863056e+00,1.205555940336697107e+00,1.205793762897701571e+00,1.195895814406372937e+00
1.283023510339678541e+00,1.204758430094531763e+00,1.203307652867752653e+00,1.205862904293883320e+00,1.206187153600114970e+00,1.205550575918027834e+00,1.195089363466425247e+00
1.306518472018059818e+00,1.205579186150930626e+00,1.205501104056966755e+00,1.204551005905986516e+00,1.205617929174653158e+00,1.205431962660785006e+00,1.194877170905729535e+00
1.284818206407809971e+00,1.205735350338858369e+00,1.206358218951012917e+00,1.203156257051975375e+00,1.204837704281533250e+00,1.205542827313283327e+00,1.194656037647251701e+00
1.304428136876599309e+00,1.205002809167243116e+00,1.205535674755057629e+00,1.206136489646016274e+00,1.205359841032009216e+00,1.205796743130295612e+00,1.197234534887616109e+00
1.286296997820973065e+00,1.204530740324347038e+00,1.204648757535071057e+00,1.197904491174756503e+00,1.206004763365359667e+00,1.204356694740855049e+00,1.193933629266456187e+00
1.302703774297687245e+00,1.205502892196523179e+00,1.205564881034479230e+00,1.204629684046469196e+00,1.205669189175270661e+00,1.205379510567129886e+00,1.195641898589360652e+00
1.287711416210104876e+00,1.205180431029847954e+00,1.206153178948542903e+00,1.203692698918902737e+00,1.204895520793857644e+00,1.205503488243041987e+00,1.188646100598108823e+00
1.299473202165746910e+00,1.205875421270778292e+00,1.205325270333918342e+00,1.206153774995061712e+00,1.205489779173109399e+00,1.205715084757218891e+00,1.196891808139301405e+00
1.250572353669685555e+00,1.204514647068339217e+00,1.204453850323420783e+00,1.205108309401072164e+00,1.205722833361963398e+00,1.203154468912418951e+00,1.195581101844442218e+00
1.298089778195593125e+00,1.204298878228530656e+00,1.205501104056966755e+00,1.204776311490096008e+00,1.204837704281533250e+00,1.205263281495962291e+00,1.195443415098597528e+00
1.291334782997940023e+00,1.201884293780838719e+00,1.205480838475327277e+00,1.196977638838009783e+00,1.204924131026760437e+00,1.205382490799723927e+00,1.196119331850926004e+00
1.295635854677659848e+00,1.205848599177431923e+00,1.205310965217466945e+00,1.206198478483972325e+00,1.205520773592087425e+00,1.205896878945455386e+00,1.196912669767459692e+00
1.292948876970872574e+00,1.204295301949417807e+00,1.205315733589617411e+00,1.205213213588382404e+00,1.205637002663255020e+00,1.205544615452839752e+00,1.195359968585964383e+00
1.293094908367980578e+00,1.205341959636444971e+00,1.205634618477179787e+00,1.204972410794783899e+00,1.205516005219936959e+00,1.205143476145681847e+00,1.205518985452531000e+00
1.294744169085522811e+00,1.206251526624146253e+00,1.205532694522463588e+00,1.205662036617044963e+00,1.205192948006742926e+00,1.205248380332992086e+00,1.205871844991665442e+00
1.290030633214787725e+00,1.205814624525859857e+00,1.203767800780272568e+00,1.205421233823446459e+00,1.205592895220863214e+00,1.205982709644163764e+00,1.205467725451913497e+00
1.296840464692171180e+00,1.204275632414297137e+00,1.205477858242733236e+00,1.204885984049556713e+00,1.205530310336388355e+00,1.204406166601916128e+00,1.205313349403542178e+00
1.327770510646165691e+00,1.205067778237793208e+00,1.205873037084703059e+00,1.201174998423456985e+00,1.205219174053570486e+00,1.205085659633357453e+00,1.205196524285855775e+00
1.298744833319763314e+00,1.206003571272322050e+00,1.205567861267073271e+00,1.205678725919571592e+00,1.205564881034479230e+00,1.205570245453148504e+00,1.205803299642002502e+00
1.286455546194976041e+00,1.205526138010756698e+00,1.204309607065869203e+00,1.205427790335153349e+00,1.205397988009212940e+00,1.205995822667577544e+00,1.205533886615501205e+00
1.300684368691965132e+00,1.204323316135801791e+00,1.205333018938662848e+00,1.205158973355170859e+00,1.205573225685742544e+00,1.198974990722535994e+00,1.205365205450678490e+00
1.284514818729736607e+00,1.205346131962076628e+00,1.205938602201771959e+00,1.205510640801267686e+00,1.205368781729791339e+00,1.205077314982094139e+00,1.205719853129369357e+00
1.302676952204340877e+00,1.206493521510782374e+00,1.204352522415223392e+00,1.195482158122320060e+00,1.205461764986725415e+00,1.205554748243659491e+00,1.205763960571761162e+00
1.282754097313177244e+00,1.205318713822211452e+00,1.203543687289200692e+00,1.196261786968921159e+00,1.205672169407864702e+00,1.205953503364742163e+00,1.205501104056966755e+00
1.304654038507227609e+00,1.204493785440180931e+00,1.205416465451295993e+00,1.204994464515979802e+00,1.205462361033244223e+00,1.205894494759380153e+00,1.205013538004581664e+00
1.281391534971181745e+00,1.203895354735297518e+00,1.205862904293883320e+00,1.198316359319252955e+00,1.205184603355479611e+00,1.204877639398293399e+00,1.205631042198066938e+00
1.306754506439507857e+00,1.205850387316988348e+00,1.205327654519993574e+00,1.205879593596409949e+00,1.205530906382907164e+00,1.205473089870582770e+00,1.205831313828386486e+00
1.279965195651673771e+00,1.205194736146299350e+00,1.204854989630578688e+00,1.205312157310504562e+00,1.205770517083468052e+00,1.205927873364433411e+00,1.205381298706686310e+00
1.308189786456797954e+00,1.204880023584368631e+00,1.205524349871200274e+00,1.205070758470387249e+00,1.205362821264603257e+00,1.205859924061289279e+00,1.205278182658932495e+00
1.279023442151956846e+00,1.205387259171874392e+00,1.205939198248290767e+00,1.201706075871715074e+00,1.205083871493801029e+00,1.205260301263368250e+00,1.205669785221789470e+00
1.309841431360415420e+00,1.205479050335770852e+00,1.204964066143520585e+00,1.205797935223333228e+00,1.204005623341277031e+00,1.204954529399219654e+00,1.205792570804663955e+00
1.277873668417175868e+00,1.205012345911544047e+00,1.204986119864716487e+00,1.205337787310813313e+00,1.206028605226111994e+00,1.206193710111821860e+00,1.205371165915866571e+00
1.310990013002158783e+00,1.205265069635518715e+00,1.205564284987960422e+00,1.205064201958680359e+00,1.205030823353627101e+00,1.205480838475327277e+00,1.205072546609943673e+00
1.276773366543455968e+00,1.205054665214379428e+00,1.205935621969177918e+00,1.205517197312974575e+00,1.205133343354862108e+00,1.204789424513509788e+00,1.205476666149695619e+00
1.312196411156226539e+00,1.205299640333609590e+00,1.205415273358258377e+00,1.205974961039419258e+00,1.205338979403850930e+00,1.205458188707612566e+00,1.206041122203006966e+00
1.276480707702721151e+00,1.202985191701077428e+00,1.204903865445120958e+00,1.205432558707303814e+00,1.205830717781867678e+00,1.206089998017549236e+00,1.205370569869347763e+00
1.313149489539800818e+00,1.205582166383524667e+00,1.205475474056658003e+00,1.204875851258736974e+00,1.205511236847786494e+00,1.205567265220554463e+00,1.204995060562498610e+00
1.276170167466422090e+00,1.205685282431278482e+00,1.206084633598879963e+00,1.205408716846551487e+00,1.205229902890909033e+00,1.204943800561881107e+00,1.205683494291722058e+00
1.314052500015795211e+00,1.204275632414297137e+00,1.204483056602842383e+00,1.205902839410643468e+00,1.205511832894305302e+00,1.205451632195905676e+00,1.206131721273865809e+00
1.276245865374310728e+00,1.204825187304638279e+00,1.203953171247621912e+00,1.205697203361654646e+00,1.205846214991356691e+00,1.205850983363507156e+00,1.205696011268617029e+00
1.314113296760713645e+00,1.205202484751043857e+00,1.205617929174653158e+00,1.204920554747647587e+00,1.205440307312048320e+00,1.205340767543407354e+00,1.205048108702672538e+00
1.276302489793597505e+00,1.202452922159781723e+00,1.205941582434366000e+00,1.204237485437093413e+00,1.205091024052026727e+00,1.204913998235940698e+00,1.205592299174344406e+00
1.314394630717591106e+00,1.203407788682912427e+00,1.205738926617971218e+00,1.206010723830547748e+00,1.205554748243659491e+00,1.204701209628726177e+00,1.206017876388773447e+00
1.276785287473832131e+00,1.201736474244174291e+00,1.204570675441107186e+00,1.205732966152783137e+00,1.205828333595792445e+00,1.205634022430660979e+00,1.205576801964855393e+00
1.314396418857147530e+00,1.204637432651213702e+00,1.205492759405703440e+00,1.204773927304020775e+00,1.205359244985490408e+00,1.205586338709156324e+00,1.205030823353627101e+00
1.277381333992640311e+00,1.197924756756395981e+00,1.205634022430660979e+00,1.205449248009830443e+00,1.205135131494418532e+00,1.205405140567438638e+00,1.205481434521846085e+00
1.313444532566610867e+00,1.205275798472857263e+00,1.206031585458706035e+00,1.206123376622602494e+00,1.205585742662637516e+00,1.205730581966707904e+00,1.206165695925437875e+00
1.278078112373127073e+00,1.196279668364485405e+00,1.204802537536923568e+00,1.205343747776001395e+00,1.205982113597644956e+00,1.205560112662328764e+00,1.203110957516545954e+00
1.312759079069981460e+00,1.205090428005507919e+00,1.201616072847375039e+00,1.203982377527043512e+00,1.205776477548656134e+00,1.205405736613957446e+00,1.202643657045800341e+00
1.278994235872535246e+00,1.198338413040448858e+00,1.206194306158340668e+00,1.205142880099163039e+00,1.204821611025525430e+00,1.205548191731952601e+00,1.203135395423817089e+00
1.311627186730764727e+00,1.205526734057275506e+00,1.205890322433748496e+00,1.205973172899862833e+00,1.205293083821902700e+00,1.205456400568056141e+00,1.203567529149953019e+00
1.279828700998866697e+00,1.196025156500954312e+00,1.204424047997480374e+00,1.205786610339475873e+00,1.200638556556529624e+00,1.205506468475636028e+00,1.202903533328000707e+00
1.309846199732565886e+00,1.205417657544333609e+00,1.205481434521846085e+00,1.204713726605621149e+00,1.206014300109660597e+00,1.205348516148151861e+00,1.202636504487574642e+00
1.281235370783254002e+00,1.198592924903979950e+00,1.205531502429425972e+00,1.205436731032935471e+00,1.205113077773222630e+00,1.205642367081924293e+00,1.203007245422273330e+00
1.308815039255027735e+00,1.205715680803737699e+00,1.205456400568056141e+00,1.206203246856122790e+00,1.205487991033552975e+00,1.205698991501211070e+00,1.203493023335101997e+00
1.282724891033755643e+00,1.195693754636496964e+00,1.204469347532909795e+00,1.205822969177123172e+00,1.205978537318532107e+00,1.205398584055731748e+00,1.203042412166883013e+00
1.306818283417020332e+00,1.205333614985181656e+00,1.205545807545877368e+00,1.204692268930944055e+00,1.205654884058819265e+00,1.205288315449752234e+00,1.202510142625587308e+00
1.283979568955846862e+00,1.196999096512686878e+00,1.206157351274174561e+00,1.205590511034787982e+00,1.204961681957445352e+00,1.205605412197758186e+00,1.203128838912110199e+00
1.304877555951780899e+00,1.203749323338189514e+00,1.205328250566512382e+00,1.206190133832709011e+00,1.205676937780015168e+00,1.205907011736275125e+00,1.203732634035662885e+00
1.285472069438942544e+00,1.204407954741472553e+00,1.204732800094223011e+00,1.205896878945455386e+00,1.206035161737818884e+00,1.205337191264294505e+00,1.203012609840942604e+00
1.302828944066636963e+00,1.205698991501211070e+00,1.198697233044771382e+00,1.204665446837597687e+00,1.205712700571143658e+00,1.205167914052952982e+00,1.202027940991871491e+00
1.287305508530796505e+00,1.199144863980396325e+00,1.205571437546186120e+00,1.205479050335770852e+00,1.204242849855762687e+00,1.205459976847168990e+00,1.203023934724799959e+00
1.300808942414396041e+00,1.202820086815367562e+00,1.205421233823446459e+00,1.206091786157105661e+00,1.205309177077910521e+00,1.205890322433748496e+00,1.203140759842486363e+00
1.288887415991713414e+00,1.202983999608039811e+00,1.205063009865642742e+00,1.205706740105955577e+00,1.206133509413422233e+00,1.205057049400454661e+00,1.202628755882830136e+00
1.298469459828073935e+00,1.201207780981991435e+00,1.198228740480988153e+00,1.204643393116401784e+00,1.201779985640047288e+00,1.205135727540937340e+00,1.202299142157929213e+00
1.290654693919979890e+00,1.202626967743273712e+00,1.205467725451913497e+00,1.205459380800650182e+00,1.204927707305873286e+00,1.205480838475327277e+00,1.203130031005147815e+00
1.295732414213706774e+00,1.201449179822108748e+00,1.197727465358670473e+00,1.206157947320693369e+00,1.205533886615501205e+00,1.206039930109969349e+00,1.204003239155201799e+00
1.293307696975195098e+00,1.200977110979212670e+00,1.205381894753205119e+00,1.205507660568673645e+00,1.205715084757218891e+00,1.205572033592704928e+00,1.205867672666033785e+00
1.293608700467193229e+00,1.195770048590904411e+00,1.205412293125664336e+00,1.204683924279680740e+00,1.205216193820976445e+00,1.205278182658932495e+00,1.204343581717441269e+00
1.294728075829514991e+00,1.202831411699224917e+00,1.204720879163846847e+00,1.205590511034787982e+00,1.205407524753513870e+00,1.205452228242424484e+00,1.205702567780323919e+00
1.290953313225902788e+00,1.202373647972780235e+00,1.205179238936810338e+00,1.206038141970412925e+00,1.204908633817271424e+00,1.205813432432822241e+00,1.206436897091495597e+00
1.296396410035659086e+00,1.202884459839398845e+00,1.205321098008286684e+00,1.205139899866568998e+00,1.205500508010447946e+00,1.205578590104411818e+00,1.205905819643237509e+00
1.327968398090410007e+00,1.203342819612362335e+00,1.205760980339167121e+00,1.204702401721763794e+00,1.205114865912779054e+00,1.205074334749500098e+00,1.204555178231618173e+00
1.298463499362885853e+00,1.202829027513149684e+00,1.205424810102559308e+00,1.205356264752896367e+00,1.205523753824681465e+00,1.205420041730408842e+00,1.205522561731643849e+00
1.286688600383830039e+00,1.201241755633563502e+00,1.204855585677097496e+00,1.205685878477797290e+00,1.205563688941441614e+00,1.206013108016622981e+00,1.206336761276335823e+00
1.301095044743423967e+00,1.202985787747596236e+00,1.205536866848095245e+00,1.205526734057275506e+00,1.205455804521537333e+00,1.205482626614883701e+00,1.206113839878301564e+00
1.285078082690010337e+00,1.203739786593888583e+00,1.201977277037772796e+00,1.204910421956827848e+00,1.205278182658932495e+00,1.205017710330213321e+00,1.204661870558484837e+00
1.302966630812481652e+00,1.202888632165030502e+00,1.196829223254826546e+00,1.205574417778780161e+00,1.205663228710082580e+00,1.205502296150004371e+00,1.205485606847477742e+00
1.283276830110172018e+00,1.202383780763599974e+00,1.204989100097310528e+00,1.206129337087790576e+00,1.205764556618279970e+00,1.206104899180519441e+00,1.206427956393713474e+00
1.305009282232437506e+00,1.202724123325839445e+00,1.205542827313283327e+00,1.205538654987651670e+00,1.204829359630269936e+00,1.205792570804663955e+00,1.205783034060363024e+00
1.281712804044819354e+00,1.203694487058459162e+00,1.205076122889056522e+00,1.204711342419545916e+00,1.204795384978697870e+00,1.205120826377967136e+00,1.203923964968200311e+00
1.306726492253123872e+00,1.205794954990739187e+00,1.205731178013226712e+00,1.205244804053879237e+00,1.205474281963620387e+00,1.205497527777853906e+00,1.205498123824372714e+00
1.280098710071886803e+00,1.202696109139455460e+00,1.204806113816036417e+00,1.206306362903876606e+00,1.205685282431278482e+00,1.205918932666651289e+00,1.206399942207329490e+00
1.308218396689700747e+00,1.205311561263985753e+00,1.196676635346011652e+00,1.205434346846860239e+00,1.205485010800958934e+00,1.205768728943911627e+00,1.204369211717750021e+00
1.278468522842946431e+00,1.206234241275100816e+00,1.206122780576083686e+00,1.203796411013175360e+00,1.205215001727938828e+00,1.204934859864098984e+00,1.204617167069574224e+00
1.309388436006121204e+00,1.206029201272630802e+00,1.204432392648743688e+00,1.205526734057275506e+00,1.205301428473166014e+00,1.205361033125046832e+00,1.205251956612104935e+00
1.278450045400863377e+00,1.204525971952196572e+00,1.204687500558793589e+00,1.205786014292957065e+00,1.204753065675862489e+00,1.206162119646325026e+00,1.206283117089643087e+00
1.311477579054543874e+00,1.205368781729791339e+00,1.196350001853704770e+00,1.205167318006434174e+00,1.205351496380745902e+00,1.205554152197140683e+00,1.205081487307725796e+00
1.277610215855862652e+00,1.206461334998766732e+00,1.206510806859827811e+00,1.204011583806465113e+00,1.205009365678950006e+00,1.204742932885042750e+00,1.204733396140741819e+00
1.312168396969842554e+00,1.204947972887512764e+00,1.205558920569291148e+00,1.205448055916792827e+00,1.205499315917410330e+00,1.205665016849639004e+00,1.205333018938662848e+00
1.276590380262181856e+00,1.204232121018424140e+00,1.199778461429889420e+00,1.205594683360419639e+00,1.205929661503989836e+00,1.206120992436527262e+00,1.206145430343798397e+00
1.312676824650385932e+00,1.205112481726703821e+00,1.197271489771782216e+00,1.205310965217466945e+00,1.205564284987960422e+00,1.205611968709465076e+00,1.205592895220863214e+00
1.276022943976276469e+00,1.206386233137396902e+00,1.205983305690682572e+00,1.205235267309578306e+00,1.205163145680802517e+00,1.204952741259663229e+00,1.204838300328052059e+00
1.313473142799513660e+00,1.205622697546803623e+00,1.207594419431021082e+00,1.205296064054496741e+00,1.201916480292854361e+00,1.205571437546186120e+00,1.205470705684507537e+00
1.275889429556063437e+00,1.204373980089900487e+00,1.203169370075389155e+00,1.205378914520611078e+00,1.205936218015696726e+00,1.205930257550508644e+00,1.205530906382907164e+00
1.313926138153807877e+00,1.205336595217775697e+00,1.201921844711523635e+00,1.204735184280298244e+00,1.205613160802502692e+00,1.205626273825916472e+00,1.205189967774148885e+00
1.276037845139246674e+00,1.206338549415892247e+00,1.207515741290538402e+00,1.205494547545259865e+00,1.204998040795092651e+00,1.204106355202955614e+00,1.205487394987034167e+00
1.314357079786906191e+00,1.204735780326817052e+00,1.206432724765863940e+00,1.205602431965164145e+00,1.203138971702929938e+00,1.205337787310813313e+00,1.205892706619823729e+00
1.276237520723047414e+00,1.198917174210211600e+00,1.206134105459941042e+00,1.205298448240571973e+00,1.206120992436527262e+00,1.205943966620441232e+00,1.205421829869965267e+00
1.314054884201870443e+00,1.205360437078528024e+00,1.202199006342769438e+00,1.205212021495344787e+00,1.205418849637371226e+00,1.205405140567438638e+00,1.204567695208513145e+00
1.276986155150670488e+00,1.206336761276335823e+00,1.207282687101684404e+00,1.205581570337005859e+00,1.204946184747956339e+00,1.205120230331448328e+00,1.205482626614883701e+00
1.314042963271494280e+00,1.205292487775383892e+00,1.206621671512326133e+00,1.205666208942676620e+00,1.198218607690168414e+00,1.205631042198066938e+00,1.200719022836568728e+00
1.277786645625429873e+00,1.204903865445120958e+00,1.208406234789637823e+00,1.205187583588073652e+00,1.206032181505224843e+00,1.205043340330522073e+00,1.205299640333609590e+00
1.313728250709563561e+00,1.205431366614266198e+00,1.207097316634335060e+00,1.205438519172491896e+00,1.205377722427573461e+00,1.205341363589926162e+00,1.205177450797253913e+00
1.278752837032417933e+00,1.204911018003346657e+00,1.207600975942727972e+00,1.205507660568673645e+00,1.204960489864407736e+00,1.205499911963929138e+00,1.205508852661711261e+00
1.312808550931042539e+00,1.205104733121959315e+00,1.207823897340762231e+00,1.205700183594248687e+00,1.205580378243968243e+00,1.205652499872744032e+00,1.205800319409408461e+00
1.279172453781658891e+00,1.205392027544024858e+00,1.207047248726755173e+00,1.205337191264294505e+00,1.206084037552361155e+00,1.205454016381980908e+00,1.205342555682963779e+00
1.311513937892191173e+00,1.205745483129678108e+00,1.208257223159935778e+00,1.205172682425103448e+00,1.204905057538158575e+00,1.205412889172183144e+00,1.204924727073279245e+00
1.280509386123345639e+00,1.205165529866877749e+00,1.205960059876449053e+00,1.205363417311122065e+00,1.205120230331448328e+00,1.205581570337005859e+00,1.205540443127208095e+00
1.309989250897079849e+00,1.205101752889365274e+00,1.208394909905780468e+00,1.205726409641076247e+00,1.205482626614883701e+00,1.205610776616427460e+00,1.205933237783102685e+00
1.281041059618122535e+00,1.205353880566821134e+00,1.207512761057944362e+00,1.205422425916484075e+00,1.206150794762467671e+00,1.205473685917101578e+00,1.205404544520919830e+00
1.308413899947869830e+00,1.205673361500902319e+00,1.208248878508672464e+00,1.205144072192200655e+00,1.205454612428499717e+00,1.204862142188804386e+00,1.205095196377658384e+00
1.282415542890494198e+00,1.204640412883807743e+00,1.207596207570577507e+00,1.205495739638297481e+00,1.205052877074823003e+00,1.205317521729173835e+00,1.205492163359184632e+00
1.306725896206605064e+00,1.205040360097928032e+00,1.208506966651316406e+00,1.205679918012609209e+00,1.197486662565071969e+00,1.197484278378996736e+00,1.205988074062833038e+00
1.283885989652393977e+00,1.205456400568056141e+00,1.207263017566563734e+00,1.205443883591161169e+00,1.205572033592704928e+00,1.205524349871200274e+00,1.205316329636136219e+00
1.305160678048214784e+00,1.205763364525242354e+00,1.208446169906397971e+00,1.205145860331757079e+00,1.205399776148769364e+00,1.205057049400454661e+00,1.204870486840067700e+00
1.285782609675241606e+00,1.205188775681111268e+00,1.207695151292699665e+00,1.205356264752896367e+00,1.205386663125355584e+00,1.205390835450987241e+00,1.205518985452531000e+00
1.302621519878091716e+00,1.204863334281842002e+00,1.208263183625123860e+00,1.205856943828695238e+00,1.205720449175888165e+00,1.203977013108374239e+00,1.206050062900789088e+00
1.287136231319454982e+00,1.205572033592704928e+00,1.207214737798540272e+00,1.205360437078528024e+00,1.203938866131170515e+00,1.205451036149386868e+00,1.205328846613031191e+00
1.300096666824420266e+00,1.205288911496271043e+00,1.208512331069985679e+00,1.196953200930738648e+00,1.205434942893379047e+00,1.205114269866260246e+00,1.204945588701437531e+00
1.250220686223588729e+00,1.205241227774766388e+00,1.202388549135750440e+00,1.205545211499358560e+00,1.205461764986725415e+00,1.205455804521537333e+00,1.204743528931561558e+00
1.297924673309883259e+00,1.204766178699276269e+00,1.203076982864973887e+00,1.205833698014461719e+00,1.205664420803120196e+00,1.205928469410952220e+00,1.206112051738745139e+00
1.291045104389799247e+00,1.205574417778780161e+00,1.203095460307056941e+00,1.205429578474709773e+00,1.205219770100089294e+00,1.205306196845316480e+00,1.205349112194670669e+00
1.295519029559973445e+00,1.206107879413113482e+00,1.200750613302065561e+00,1.204860950095766770e+00,1.205229902890909033e+00,1.203925753107756735e+00,1.204950953120106805e+00
1.293022190692685980e+00,1.205042744284003264e+00,1.205064798005199167e+00,1.205291891728865084e+00,1.205537462894614054e+00,1.205558920569291148e+00,1.205481434521846085e+00
1.293117558135695289e+00,1.204690480791387630e+00,1.203979993340968280e+00,1.205966020341637135e+00,1.205771709176505668e+00,1.205996418714096352e+00,1.206188941739671394e+00
1.294747745364635660e+00,1.205268049868112756e+00,1.204483652649361192e+00,1.205329442659549999e+00,1.205417061497814801e+00,1.203890586363147053e+00,1.205895686852417770e+00
1.291169678112230157e+00,1.205539847080689286e+00,1.204494381486699739e+00,1.205077911028612947e+00,1.205058241493492277e+00,1.204633260325582045e+00,1.204795384978697870e+00
1.297074114927543986e+00,1.205556536383215915e+00,1.205323482194361917e+00,1.205514217080380535e+00,1.205600643825607721e+00,1.199352288168941572e+00,1.205499315917410330e+00
1.328024426463177976e+00,1.204596901487934746e+00,1.204853201491022263e+00,1.205986285923276613e+00,1.205973172899862833e+00,1.206200862670047558e+00,1.206252718717183869e+00
1.298911726345029605e+00,1.205312157310504562e+00,1.203622961476202180e+00,1.205370569869347763e+00,1.205165529866877749e+00,1.205775881502137326e+00,1.205968404527712368e+00
1.287159477133688501e+00,1.203477526125612984e+00,1.201413417030980257e+00,1.204947376840993956e+00,1.205012345911544047e+00,1.204972410794783899e+00,1.204704785907839026e+00
1.300622975900527889e+00,1.204913402189421889e+00,1.201939726107087880e+00,1.205551768011065450e+00,1.205534482662020013e+00,1.198544645135956488e+00,1.205461764986725415e+00
1.285132322923221881e+00,1.204719091024290423e+00,1.201112413538982127e+00,1.206048870807751472e+00,1.205887342201154455e+00,1.206196094297897092e+00,1.206252718717183869e+00
1.302863514764727837e+00,1.204591537069265472e+00,1.201916480292854361e+00,1.205555344290178299e+00,1.205522561731643849e+00,1.202979827282408154e+00,1.205657268244894498e+00
1.283254776388976115e+00,1.206155563134618136e+00,1.200844192605518446e+00,1.204889560328669562e+00,1.205126190796636410e+00,1.204865122421398427e+00,1.204660082418928413e+00
1.304569995948075656e+00,1.205648923593631183e+00,1.201925420990636484e+00,1.205490375219628207e+00,1.197984957454795607e+00,1.205572629639223736e+00,1.205430770567747389e+00
1.281170997759222718e+00,1.204483652649361192e+00,1.202773595186900524e+00,1.206025624993517953e+00,1.206029201272630802e+00,1.206160331506768602e+00,1.206334973136779398e+00
1.305779970381256483e+00,1.204523587766121340e+00,1.201559448428088261e+00,1.205507064522154836e+00,1.205446863823755210e+00,1.204424047997480374e+00,1.205685282431278482e+00
1.280055794722532614e+00,1.206249738484589829e+00,1.200519347252767988e+00,1.204887772189113138e+00,1.205131555215305683e+00,1.204857969863172729e+00,1.204379940555088568e+00
1.307591951798433350e+00,1.206013108016622981e+00,1.202187085412393275e+00,1.205292487775383892e+00,1.205704951966399152e+00,1.205476070103176811e+00,1.205592895220863214e+00
1.278775486800132644e+00,1.204444909625638660e+00,1.200888300047910251e+00,1.206089998017549236e+00,1.205828333595792445e+00,1.205903435457162276e+00,1.206233049182063199e+00
1.309027231815723447e+00,1.204803729629961184e+00,1.202230596808266272e+00,1.205898071038493002e+00,1.205662632663563771e+00,1.205298448240571973e+00,1.205629850105029321e+00
1.277268085154066757e+00,1.206380868718727628e+00,1.201356792611693480e+00,1.203498983800290079e+00,1.205074334749500098e+00,1.205508852661711261e+00,1.204816246606856156e+00
